INSERT OR IGNORE INTO projects (
  id, slug, title, summary, cover_image_url, category, project_date, location,
  author, tools_json, status, sort_order, likes_count, shares_count, published_at
) VALUES
  ('project-tini', 'dark-side-of-the-tini', 'DARK SIDE OF THE TINI', 'Treating stone (Tini) as the soulful protagonist of design.', '/works/tini/cover.png', 'Product Design', '10.2025~11.2025', 'Deutschland', 'Po-Yu Yang and Nick Düchs', '["Grasshopper","Computational Design","Prototyping"]', 'published', 0, 3400, 420, '2025-11-01T00:00:00.000Z'),
  ('project-portfolio-2025', '2025-industrial-design-portfolio', '2025 INDUSTRIAL DESIGN PORTFOLIO', 'A comprehensive collection of my industrial design works and explorations.', '/works/portfolio/2025portfolio (1).jpg', 'Portfolio', '02.2025', 'Taiwan', 'Po-Yu Yang', '["Industrial Design","Portfolio"]', 'published', 1, 2100, 120, '2025-02-01T00:00:00.000Z'),
  ('project-explo-11', 'explo-11', 'Explo.11探索十一號', 'A comprehensive exploration of automotive design and digital portfolio presentation.', '/works/explo.11/cover.png', 'Product Design', '10.2024~04.2025', 'Taiwan', 'Po-Yu Yang, Chih-Huang Chou, Hsiao-Kuang Hsu', '["Industrial Design","3D Modeling","Visual Design"]', 'published', 2, 1800, 95, '2025-04-01T00:00:00.000Z'),
  ('project-tube-radio', 'tube-radio', 'Tube Radio', 'Design Styling Practice', '/works/tube/tube (1).jpg', 'Product Design', '11.2023', 'Taiwan', 'Po-Yu Yang', '["Industrial Design","3D Modeling"]', 'published', 3, 850, 34, '2023-11-01T00:00:00.000Z'),
  ('project-invisible-senses', 'invisible-senses', 'Invisible Senses', 'Exploring the subtle and often overlooked sensory experiences in our daily lives.', '/works/invisible/invisible (1).jpg', 'Product Design', '09.2023~12.2023', 'Taiwan', 'Po-Yu Yang', '["Industrial Design","User Research"]', 'published', 4, 1200, 56, '2023-12-01T00:00:00.000Z');

INSERT OR IGNORE INTO project_blocks (id, project_id, block_type, content_json, sort_order) VALUES
  ('block-tini-main', 'project-tini', 'gallery', '{"images":[{"url":"/works/tini/tini main (1).png"},{"url":"/works/tini/tini main (2).png"}],"columns":1,"gap":"none"}', 0),
  ('block-tini-details', 'project-tini', 'gallery', '{"images":[{"url":"/works/tini/tini small pics (1).png"},{"url":"/works/tini/tini small pics (2).png"},{"url":"/works/tini/tini small pics (3).png"},{"url":"/works/tini/tini small pics (4).png"},{"url":"/works/tini/tini small pics (5).png"},{"url":"/works/tini/tini small pics (6).png"}],"columns":3,"gap":"none","square":true}', 1),
  ('block-tini-process', 'project-tini', 'gallery', '{"images":[{"url":"/works/tini/tini (1).jpg"},{"url":"/works/tini/tini (2).jpg"},{"url":"/works/tini/tini (3).jpg"},{"url":"/works/tini/tini (4).jpg"},{"url":"/works/tini/tini (5).jpg"},{"url":"/works/tini/tini (6).jpg"},{"url":"/works/tini/tini (7).jpg"},{"url":"/works/tini/tini (8).jpg"},{"url":"/works/tini/tini (9).jpg"},{"url":"/works/tini/tini (10).jpg"},{"url":"/works/tini/tini (11).jpg"},{"url":"/works/tini/tini (12).jpg"},{"url":"/works/tini/tini (13).jpg"},{"url":"/works/tini/tini (14).jpg"},{"url":"/works/tini/tini (15).jpg"},{"url":"/works/tini/tini (16).jpg"},{"url":"/works/tini/tini (17).jpg"},{"url":"/works/tini/tini (18).jpg"},{"url":"/works/tini/tini (19).jpg"}],"columns":1,"gap":"none"}', 2),
  ('block-tini-text', 'project-tini', 'text', '{"body":"DARK SIDE OF THE TINI, a collaborative project by Po-Yu Yang and Nick Düchs, centers on the vision of treating stone (Tini) as the soulful protagonist of design. Drawing inspiration from the Hizz rocking chair by Mentalla Said and Jumana Taha, the project emphasizes architectural geometry and material honesty. By simplifying all visual elements, the designers evoke an imagery of stones floating in space and emitting a celestial glow. Utilizing Grasshopper, the designers precisely calculated the centroid of each stone and generated support nodes based on their unique silhouettes. Through iterative prototyping, they resolved stability issues and developed a dual-layer base that echoes the stone texture while balancing the structure."}', 3),

  ('block-portfolio-gallery', 'project-portfolio-2025', 'gallery', '{"images":[{"url":"/works/portfolio/2025portfolio (1).jpg"},{"url":"/works/portfolio/2025portfolio (2).jpg"},{"url":"/works/portfolio/2025portfolio (3).jpg"},{"url":"/works/portfolio/2025portfolio (4).jpg"},{"url":"/works/portfolio/2025portfolio (5).jpg"},{"url":"/works/portfolio/2025portfolio (6).jpg"},{"url":"/works/portfolio/2025portfolio (7).jpg"},{"url":"/works/portfolio/2025portfolio (8).jpg"},{"url":"/works/portfolio/2025portfolio (9).jpg"},{"url":"/works/portfolio/2025portfolio (10).jpg"},{"url":"/works/portfolio/2025portfolio (11).jpg"},{"url":"/works/portfolio/2025portfolio (12).jpg"},{"url":"/works/portfolio/2025portfolio (13).jpg"},{"url":"/works/portfolio/2025portfolio (14).jpg"},{"url":"/works/portfolio/2025portfolio (15).jpg"},{"url":"/works/portfolio/2025portfolio (16).jpg"},{"url":"/works/portfolio/2025portfolio (17).jpg"},{"url":"/works/portfolio/2025portfolio (18).jpg"},{"url":"/works/portfolio/2025portfolio (19).jpg"},{"url":"/works/portfolio/2025portfolio (20).jpg"},{"url":"/works/portfolio/2025portfolio (21).jpg"},{"url":"/works/portfolio/2025portfolio (22).jpg"},{"url":"/works/portfolio/2025portfolio (23).jpg"},{"url":"/works/portfolio/2025portfolio (24).jpg"},{"url":"/works/portfolio/2025portfolio (25).jpg"},{"url":"/works/portfolio/2025portfolio (26).jpg"},{"url":"/works/portfolio/2025portfolio (27).jpg"},{"url":"/works/portfolio/2025portfolio (28).jpg"},{"url":"/works/portfolio/2025portfolio (29).jpg"},{"url":"/works/portfolio/2025portfolio (30).jpg"},{"url":"/works/portfolio/2025portfolio (31).jpg"},{"url":"/works/portfolio/2025portfolio (32).jpg"},{"url":"/works/portfolio/2025portfolio (33).jpg"},{"url":"/works/portfolio/2025portfolio (34).jpg"},{"url":"/works/portfolio/2025portfolio (35).jpg"},{"url":"/works/portfolio/2025portfolio (36).jpg"},{"url":"/works/portfolio/2025portfolio (37).jpg"}],"columns":1,"gap":"none"}', 0),
  ('block-portfolio-text', 'project-portfolio-2025', 'text', '{"body":"This portfolio showcases a curated selection of my industrial design projects, highlighting my journey, skills, and design philosophy."}', 1),

  ('block-explo-gallery', 'project-explo-11', 'gallery', '{"images":[{"url":"/works/explo.11/car portfolio (1).jpg"},{"url":"/works/explo.11/car portfolio (2).jpg"},{"url":"/works/explo.11/car portfolio (3).jpg"},{"url":"/works/explo.11/car portfolio (4).jpg"},{"url":"/works/explo.11/car portfolio (5).jpg"},{"url":"/works/explo.11/car portfolio (6).jpg"},{"url":"/works/explo.11/car portfolio (7).jpg"},{"url":"/works/explo.11/car portfolio (8).jpg"},{"url":"/works/explo.11/car portfolio (9).jpg"},{"url":"/works/explo.11/car portfolio (10).jpg"},{"url":"/works/explo.11/car portfolio (11).jpg"},{"url":"/works/explo.11/car portfolio (12).jpg"},{"url":"/works/explo.11/car portfolio (13).jpg"},{"url":"/works/explo.11/car portfolio (14).jpg"},{"url":"/works/explo.11/car portfolio (15).jpg"}],"columns":1,"gap":"none"}', 0),
  ('block-explo-text', 'project-explo-11', 'text', '{"body":"Explo.11 is a deep dive into automotive aesthetics and the art of digital storytelling. This project showcases a series of car design studies, focusing on fluid forms, aerodynamic efficiency, and the integration of advanced materials."}', 1),

  ('block-tube-gallery', 'project-tube-radio', 'gallery', '{"images":[{"url":"/works/tube/tube (1).jpg"},{"url":"/works/tube/tube (2).jpg"},{"url":"/works/tube/tube (3).jpg"},{"url":"/works/tube/tube (4).jpg"},{"url":"/works/tube/tube (5).jpg"},{"url":"/works/tube/tube (6).jpg"}],"columns":1,"gap":"none"}', 0),
  ('block-tube-text', 'project-tube-radio', 'text', '{"body":"TUBE is a design project that reimagines the classic vacuum tube radio for a modern audience, blending vintage aesthetics with contemporary manufacturing techniques."}', 1),

  ('block-invisible-gallery', 'project-invisible-senses', 'gallery', '{"images":[{"url":"/works/invisible/invisible (1).jpg"},{"url":"/works/invisible/invisible (2).jpg"},{"url":"/works/invisible/invisible (3).jpg"},{"url":"/works/invisible/invisible (4).jpg"},{"url":"/works/invisible/invisible (5).jpg"},{"url":"/works/invisible/invisible (6).jpg"},{"url":"/works/invisible/invisible (7).jpg"},{"url":"/works/invisible/invisible (8).jpg"},{"url":"/works/invisible/invisible (9).jpg"},{"url":"/works/invisible/invisible (10).jpg"},{"url":"/works/invisible/invisible (11).jpg"}],"columns":1,"gap":"none"}', 0),
  ('block-invisible-text', 'project-invisible-senses', 'text', '{"body":"Invisible Senses is a project that delves into the intangible aspects of human perception. By focusing on the senses that are often ignored, it aims to create a more profound connection between the user and their environment."}', 1);

INSERT OR IGNORE INTO assets (id, project_id, storage_provider, url, alt_text) VALUES
  ('asset-cover-tini', 'project-tini', 'external', '/works/tini/cover.png', 'DARK SIDE OF THE TINI cover'),
  ('asset-cover-portfolio', 'project-portfolio-2025', 'external', '/works/portfolio/2025portfolio (1).jpg', '2025 industrial design portfolio cover'),
  ('asset-cover-explo', 'project-explo-11', 'external', '/works/explo.11/cover.png', 'Explo.11 cover'),
  ('asset-cover-tube', 'project-tube-radio', 'external', '/works/tube/tube (1).jpg', 'Tube Radio cover'),
  ('asset-cover-invisible', 'project-invisible-senses', 'external', '/works/invisible/invisible (1).jpg', 'Invisible Senses cover');
